Fold,Avg Precision,Avg Recall,Avg F1,Avg pr time,Avg rec time
44.0,25.66028174723827,29.337693259121835,0.13566160202026367,5.2080189228057865
