Fold,Avg Precision,Avg Recall,Avg F1,Avg pr time,Avg rec time
36.0,40.030303030303024,36.91319207108681,0.06755380630493164,2.480276584625244
