Fold,Avg Precision,Avg Recall,Avg F1,Avg pr time,Avg rec time
34.0,22.28174603174603,24.198159250753925,0.09416499137878417,4.004290246963501
