Fold,Avg Precision,Avg Recall,Avg F1,Avg pr time,Avg rec time
70.0,47.117569557467256,49.98787878787879,0.11676201820373536,6.0312824726104735
