Fold,Avg Precision,Avg Recall,Avg F1,Avg pr time,Avg rec time
40.0,50.04545454545455,42.920634920634924,0.09098749160766602,4.111890602111816
