Fold,Avg Precision,Avg Recall,Avg F1,Avg pr time,Avg rec time
56.0,60.382284382284375,56.5901710798736,0.0477632999420166,1.9404038429260253
