Fold,Avg Precision,Avg Recall,Avg F1,Avg pr time,Avg rec time
fold_1,72.2222,18.7809,29.2289,0.0505601,3.450288943
fold_2,77.7778,17.3943,28.4022,0.0505601,3.450288435
fold_3,72.2222,14.8683,24.5732,0.043963167,3.535850922
fold_4,66.6667,15.3671,24.5454,0.046367466,3.050172627
fold_5,77.7778,20.116,31.3916,0.045581659,4.070135911
