    Fold,Avg Precision,Avg Recall,Avg F1,Avg pr time,Avg rec time
    48.0,48.934731934731936,47.21513269339356,0.10281257629394532,5.010898590087891
