Fold,Avg Precision,Avg Recall,Avg F1,Avg pr time,Avg rec time
74.0,62.96861471861472,66.51964506082153,0.10844674110412597,6.796708011627198
