Fold,Avg Precision,Avg Recall,Avg F1,Avg pr time,Avg rec time
46.0,25.223480696626474,30.164236634824867,0.05018835067749024,1.9120311260223388
