Fold,Avg Precision,Avg Recall,Avg F1,Avg pr time,Avg rec time
38.0,47.015151515151516,39.86813186813187,0.06235413551330567,2.4297226905822753
